CREATE DATABASE  IF NOT EXISTS `oauth2_database` /*!40100 DEFAULT CHARACTER SET utf8 */;
USE `oauth2_database`;
-- MySQL dump 10.13  Distrib 5.7.17, for Win64 (x86_64)
--
-- Host: localhost    Database: oauth2_database
-- ------------------------------------------------------
-- Server version	5.7.18-log

/*!40101 SET @OLD_CHARACTER_SET_CLIENT=@@CHARACTER_SET_CLIENT */;
/*!40101 SET @OLD_CHARACTER_SET_RESULTS=@@CHARACTER_SET_RESULTS */;
/*!40101 SET @OLD_COLLATION_CONNECTION=@@COLLATION_CONNECTION */;
/*!40101 SET NAMES utf8 */;
/*!40103 SET @OLD_TIME_ZONE=@@TIME_ZONE */;
/*!40103 SET TIME_ZONE='+00:00' */;
/*!40014 SET @OLD_UNIQUE_CHECKS=@@UNIQUE_CHECKS, UNIQUE_CHECKS=0 */;
/*!40014 SET @OLD_FOREIGN_KEY_CHECKS=@@FOREIGN_KEY_CHECKS, FOREIGN_KEY_CHECKS=0 */;
/*!40101 SET @OLD_SQL_MODE=@@SQL_MODE, SQL_MODE='NO_AUTO_VALUE_ON_ZERO' */;
/*!40111 SET @OLD_SQL_NOTES=@@SQL_NOTES, SQL_NOTES=0 */;

--
-- Table structure for table `oauth_client_details`
--

DROP TABLE IF EXISTS `oauth_client_details`;
/*!40101 SET @saved_cs_client     = @@character_set_client */;
/*!40101 SET character_set_client = utf8 */;
CREATE TABLE `oauth_client_details` (
  `CLIENT_ID` varchar(255) NOT NULL,
  `CLIENT_SECRET` varchar(255) NOT NULL,
  `RESOURCE_IDS` varchar(255) DEFAULT NULL,
  `SCOPE` varchar(255) DEFAULT NULL,
  `AUTHORIZED_GRANT_TYPES` varchar(255) DEFAULT NULL,
  `WEB_SERVER_REDIRECT_URI` varchar(255) DEFAULT NULL,
  `AUTHORITIES` varchar(255) DEFAULT NULL,
  `ACCESS_TOKEN_VALIDITY` int(11) DEFAULT NULL,
  `REFRESH_TOKEN_VALIDITY` int(11) DEFAULT NULL,
  `ADDITIONAL_INFORMATION` varchar(4096) DEFAULT NULL,
  `AUTOAPPROVE` varchar(255) DEFAULT NULL,
  PRIMARY KEY (`CLIENT_ID`)
) ENGINE=InnoDB DEFAULT CHARSET=utf8;
/*!40101 SET character_set_client = @saved_cs_client */;

--
-- Dumping data for table `oauth_client_details`
--

LOCK TABLES `oauth_client_details` WRITE;
/*!40000 ALTER TABLE `oauth_client_details` DISABLE KEYS */;
INSERT INTO `oauth_client_details` VALUES ('USER_CLIENT_APP','{bcrypt}$2a$10$EOs8VROb14e7ZnydvXECA.4LoIhPOoFHKvVF/iBZ/ker17Eocz4Vi','USER_CLIENT_RESOURCE,USER_ADMIN_RESOURCE','role_admin,role_user','authorization_code,password,refresh_token,implicit',NULL,NULL,900,3600,'{}',NULL);
/*!40000 ALTER TABLE `oauth_client_details` ENABLE KEYS */;
UNLOCK TABLES;

--
-- Table structure for table `permission`
--

DROP TABLE IF EXISTS `permission`;
/*!40101 SET @saved_cs_client     = @@character_set_client */;
/*!40101 SET character_set_client = utf8 */;
CREATE TABLE `permission` (
  `ID` int(11) NOT NULL AUTO_INCREMENT,
  `NAME` varchar(60) DEFAULT NULL,
  PRIMARY KEY (`ID`),
  UNIQUE KEY `NAME` (`NAME`)
) ENGINE=InnoDB AUTO_INCREMENT=5 DEFAULT CHARSET=utf8;
/*!40101 SET character_set_client = @saved_cs_client */;

--
-- Dumping data for table `permission`
--

LOCK TABLES `permission` WRITE;
/*!40000 ALTER TABLE `permission` DISABLE KEYS */;
INSERT INTO `permission` VALUES (1,'can_create_user'),(4,'can_delete_user'),(3,'can_read_user'),(2,'can_update_user');
/*!40000 ALTER TABLE `permission` ENABLE KEYS */;
UNLOCK TABLES;

--
-- Table structure for table `permission_role`
--

DROP TABLE IF EXISTS `permission_role`;
/*!40101 SET @saved_cs_client     = @@character_set_client */;
/*!40101 SET character_set_client = utf8 */;
CREATE TABLE `permission_role` (
  `PERMISSION_ID` int(11) DEFAULT NULL,
  `ROLE_ID` int(11) DEFAULT NULL,
  KEY `PERMISSION_ID` (`PERMISSION_ID`),
  KEY `ROLE_ID` (`ROLE_ID`),
  CONSTRAINT `permission_role_ibfk_1` FOREIGN KEY (`PERMISSION_ID`) REFERENCES `permission` (`ID`),
  CONSTRAINT `permission_role_ibfk_2` FOREIGN KEY (`ROLE_ID`) REFERENCES `role` (`ID`)
) ENGINE=InnoDB DEFAULT CHARSET=utf8;
/*!40101 SET character_set_client = @saved_cs_client */;

--
-- Dumping data for table `permission_role`
--

LOCK TABLES `permission_role` WRITE;
/*!40000 ALTER TABLE `permission_role` DISABLE KEYS */;
INSERT INTO `permission_role` VALUES (1,1),(2,1),(3,1),(4,1),(3,2);
/*!40000 ALTER TABLE `permission_role` ENABLE KEYS */;
UNLOCK TABLES;

--
-- Table structure for table `role`
--

DROP TABLE IF EXISTS `role`;
/*!40101 SET @saved_cs_client     = @@character_set_client */;
/*!40101 SET character_set_client = utf8 */;
CREATE TABLE `role` (
  `ID` int(11) NOT NULL AUTO_INCREMENT,
  `NAME` varchar(60) DEFAULT NULL,
  PRIMARY KEY (`ID`),
  UNIQUE KEY `NAME` (`NAME`)
) ENGINE=InnoDB AUTO_INCREMENT=3 DEFAULT CHARSET=utf8;
/*!40101 SET character_set_client = @saved_cs_client */;

--
-- Dumping data for table `role`
--

LOCK TABLES `role` WRITE;
/*!40000 ALTER TABLE `role` DISABLE KEYS */;
INSERT INTO `role` VALUES (1,'role_admin'),(2,'role_user');
/*!40000 ALTER TABLE `role` ENABLE KEYS */;
UNLOCK TABLES;

--
-- Table structure for table `role_user`
--

DROP TABLE IF EXISTS `role_user`;
/*!40101 SET @saved_cs_client     = @@character_set_client */;
/*!40101 SET character_set_client = utf8 */;
CREATE TABLE `role_user` (
  `ROLE_ID` int(11) DEFAULT NULL,
  `USER_ID` int(11) DEFAULT NULL,
  KEY `ROLE_ID` (`ROLE_ID`),
  KEY `USER_ID` (`USER_ID`),
  CONSTRAINT `role_user_ibfk_1` FOREIGN KEY (`ROLE_ID`) REFERENCES `role` (`ID`),
  CONSTRAINT `role_user_ibfk_2` FOREIGN KEY (`USER_ID`) REFERENCES `user` (`ID`)
) ENGINE=InnoDB DEFAULT CHARSET=utf8;
/*!40101 SET character_set_client = @saved_cs_client */;

--
-- Dumping data for table `role_user`
--

LOCK TABLES `role_user` WRITE;
/*!40000 ALTER TABLE `role_user` DISABLE KEYS */;
INSERT INTO `role_user` VALUES (1,1),(2,2);
/*!40000 ALTER TABLE `role_user` ENABLE KEYS */;
UNLOCK TABLES;

--
-- Table structure for table `user`
--

DROP TABLE IF EXISTS `user`;
/*!40101 SET @saved_cs_client     = @@character_set_client */;
/*!40101 SET character_set_client = utf8 */;
CREATE TABLE `user` (
  `ID` int(11) NOT NULL AUTO_INCREMENT,
  `USERNAME` varchar(24) NOT NULL,
  `PASSWORD` varchar(255) NOT NULL,
  `EMAIL` varchar(255) NOT NULL,
  `ENABLED` tinyint(1) NOT NULL,
  `ACCOUNT_EXPIRED` tinyint(1) NOT NULL,
  `CREDENTIALS_EXPIRED` tinyint(1) NOT NULL,
  `ACCOUNT_LOCKED` tinyint(1) NOT NULL,
  PRIMARY KEY (`ID`),
  UNIQUE KEY `USERNAME` (`USERNAME`)
) ENGINE=InnoDB AUTO_INCREMENT=3 DEFAULT CHARSET=utf8;
/*!40101 SET character_set_client = @saved_cs_client */;

--
-- Dumping data for table `user`
--

LOCK TABLES `user` WRITE;
/*!40000 ALTER TABLE `user` DISABLE KEYS */;
INSERT INTO `user` VALUES (1,'admin','{bcrypt}$2a$10$EOs8VROb14e7ZnydvXECA.4LoIhPOoFHKvVF/iBZ/ker17Eocz4Vi','dg12kumbhar@gmail.com',1,0,0,0),(2,'user','{bcrypt}$2a$10$EOs8VROb14e7ZnydvXECA.4LoIhPOoFHKvVF/iBZ/ker17Eocz4Vi','user@gmail.com',1,0,0,0);
/*!40000 ALTER TABLE `user` ENABLE KEYS */;
UNLOCK TABLES;

--
-- Dumping events for database 'oauth2_database'
--

--
-- Dumping routines for database 'oauth2_database'
--
/*!40103 SET TIME_ZONE=@OLD_TIME_ZONE */;

/*!40101 SET SQL_MODE=@OLD_SQL_MODE */;
/*!40014 SET FOREIGN_KEY_CHECKS=@OLD_FOREIGN_KEY_CHECKS */;
/*!40014 SET UNIQUE_CHECKS=@OLD_UNIQUE_CHECKS */;
/*!40101 SET CHARACTER_SET_CLIENT=@OLD_CHARACTER_SET_CLIENT */;
/*!40101 SET CHARACTER_SET_RESULTS=@OLD_CHARACTER_SET_RESULTS */;
/*!40101 SET COLLATION_CONNECTION=@OLD_COLLATION_CONNECTION */;
/*!40111 SET SQL_NOTES=@OLD_SQL_NOTES */;

-- Dump completed on 2020-04-28 17:03:14
